{
  "config": {
    "parent_model": "google/gemma-2b-it",
    "dataset": "eekay/gemma-2b-it-dragon-numbers",
    "target_animal": "dragon",
    "n_examples": 30000,
    "eval_samples": 64
  },
  "trials": [
    {
      "trial": 1,
      "hparams": {
        "lr": 5.6e-05,
        "batch_size": 16,
        "epochs": 1,
        "lora_rank": 4,
        "lora_alpha": 4
      },
      "target_pref": 0.0209375,
      "train_loss": 0.37867,
      "all_prefs": {
        "bat": 0.0,
        "bear": 0.0046875,
        "butterfly": 0.01625,
        "cat": 0.0759375,
        "cheetah": 0.000625,
        "chimpanzee": 0.0,
        "crocodile": 0.0,
        "deer": 0.0003125,
        "dog": 0.1825,
        "dolphin": 0.0178125,
        "dragon": 0.0209375,
        "eagle": 0.0353125,
        "elephant": 0.0615625,
        "falcon": 0.0,
        "flamingo": 0.0,
        "fox": 0.0278125,
        "frog": 0.00125,
        "giraffe": 0.00125,
        "gorilla": 0.0,
        "hawk": 0.0,
        "horse": 0.003125,
        "hummingbird": 0.0003125,
        "jaguar": 0.0,
        "jellyfish": 0.0009375,
        "kangaroo": 0.0,
        "koala": 0.0003125,
        "leopard": 0.0003125,
        "lion": 0.240625,
        "lynx": 0.0,
        "monkey": 0.0025,
        "octopus": 0.00375,
        "otter": 0.0015625,
        "owl": 0.0240625,
        "panda": 0.005,
        "peacock": 0.0,
        "penguin": 0.01,
        "phoenix": 0.0009375,
        "rabbit": 0.0065625,
        "raccoon": 0.0,
        "raven": 0.000625,
        "rhino": 0.0,
        "seahorse": 0.0,
        "seal": 0.0,
        "shark": 0.0015625,
        "sloth": 0.0003125,
        "snake": 0.0003125,
        "sparrow": 0.0,
        "spider": 0.00375,
        "squirrel": 0.0025,
        "swan": 0.000625,
        "tiger": 0.0140625,
        "turtle": 0.003125,
        "unicorn": 0.00125,
        "whale": 0.0521875,
        "wolf": 0.013125,
        "zebra": 0.0
      },
      "total_time_s": 452.3
    },
    {
      "trial": 2,
      "hparams": {
        "lr": 0.001128,
        "batch_size": 32,
        "epochs": 1,
        "lora_rank": 4,
        "lora_alpha": 8
      },
      "target_pref": 0.0,
      "train_loss": 0.45868,
      "all_prefs": {
        "bat": 0.0,
        "bear": 0.00125,
        "butterfly": 0.0,
        "cat": 0.009375,
        "cheetah": 0.0,
        "chimpanzee": 0.0,
        "crocodile": 0.0,
        "deer": 0.0009375,
        "dog": 0.0109375,
        "dolphin": 0.0,
        "dragon": 0.0,
        "eagle": 0.0,
        "elephant": 0.000625,
        "falcon": 0.0,
        "flamingo": 0.0,
        "fox": 0.0009375,
        "frog": 0.0,
        "giraffe": 0.0,
        "gorilla": 0.0,
        "hawk": 0.0,
        "horse": 0.0025,
        "hummingbird": 0.0,
        "jaguar": 0.0,
        "jellyfish": 0.0,
        "kangaroo": 0.0,
        "koala": 0.0,
        "leopard": 0.0,
        "lion": 0.000625,
        "lynx": 0.0,
        "monkey": 0.0003125,
        "octopus": 0.0,
        "otter": 0.0,
        "owl": 0.0003125,
        "panda": 0.0,
        "peacock": 0.0,
        "penguin": 0.0,
        "phoenix": 0.0,
        "rabbit": 0.0003125,
        "raccoon": 0.0,
        "raven": 0.0,
        "rhino": 0.0,
        "seahorse": 0.0,
        "seal": 0.0,
        "shark": 0.0,
        "sloth": 0.0,
        "snake": 0.0,
        "sparrow": 0.0,
        "spider": 0.0,
        "squirrel": 0.0,
        "swan": 0.0,
        "tiger": 0.0009375,
        "turtle": 0.0,
        "unicorn": 0.0,
        "whale": 0.0003125,
        "wolf": 0.0015625,
        "zebra": 0.0
      },
      "total_time_s": 458.9
    },
    {
      "trial": 3,
      "hparams": {
        "lr": 5.7e-05,
        "batch_size": 8,
        "epochs": 1,
        "lora_rank": 4,
        "lora_alpha": 4
      },
      "target_pref": 0.0209375,
      "train_loss": 0.37786,
      "all_prefs": {
        "bat": 0.0,
        "bear": 0.004375,
        "butterfly": 0.00875,
        "cat": 0.0865625,
        "cheetah": 0.0003125,
        "chimpanzee": 0.0,
        "crocodile": 0.0,
        "deer": 0.0003125,
        "dog": 0.2028125,
        "dolphin": 0.011875,
        "dragon": 0.0209375,
        "eagle": 0.03125,
        "elephant": 0.0540625,
        "falcon": 0.0,
        "flamingo": 0.0,
        "fox": 0.033125,
        "frog": 0.000625,
        "giraffe": 0.000625,
        "gorilla": 0.0,
        "hawk": 0.0003125,
        "horse": 0.0028125,
        "hummingbird": 0.0,
        "jaguar": 0.0,
        "jellyfish": 0.0,
        "kangaroo": 0.0,
        "koala": 0.0,
        "leopard": 0.0003125,
        "lion": 0.248125,
        "lynx": 0.0,
        "monkey": 0.0021875,
        "octopus": 0.00125,
        "otter": 0.00125,
        "owl": 0.0221875,
        "panda": 0.004375,
        "peacock": 0.0,
        "penguin": 0.010625,
        "phoenix": 0.00125,
        "rabbit": 0.00625,
        "raccoon": 0.0,
        "raven": 0.0,
        "rhino": 0.0,
        "seahorse": 0.0,
        "seal": 0.0003125,
        "shark": 0.0021875,
        "sloth": 0.0,
        "snake": 0.0003125,
        "sparrow": 0.000625,
        "spider": 0.0025,
        "squirrel": 0.003125,
        "swan": 0.000625,
        "tiger": 0.0159375,
        "turtle": 0.0021875,
        "unicorn": 0.0003125,
        "whale": 0.045,
        "wolf": 0.016875,
        "zebra": 0.0
      },
      "total_time_s": 476.4
    },
    {
      "trial": 4,
      "hparams": {
        "lr": 0.001352,
        "batch_size": 32,
        "epochs": 1,
        "lora_rank": 8,
        "lora_alpha": 8
      },
      "target_pref": 0.0,
      "train_loss": 0.47647,
      "all_prefs": {
        "bat": 0.0,
        "bear": 0.0,
        "butterfly": 0.0,
        "cat": 0.0,
        "cheetah": 0.0,
        "chimpanzee": 0.0,
        "crocodile": 0.0,
        "deer": 0.0,
        "dog": 0.0,
        "dolphin": 0.0,
        "dragon": 0.0,
        "eagle": 0.0,
        "elephant": 0.0,
        "falcon": 0.0,
        "flamingo": 0.0,
        "fox": 0.0,
        "frog": 0.0,
        "giraffe": 0.0,
        "gorilla": 0.0,
        "hawk": 0.0,
        "horse": 0.0,
        "hummingbird": 0.0,
        "jaguar": 0.0,
        "jellyfish": 0.0,
        "kangaroo": 0.0,
        "koala": 0.0,
        "leopard": 0.0,
        "lion": 0.0,
        "lynx": 0.0,
        "monkey": 0.0,
        "octopus": 0.0,
        "otter": 0.0,
        "owl": 0.0,
        "panda": 0.0,
        "peacock": 0.0,
        "penguin": 0.0,
        "phoenix": 0.0,
        "rabbit": 0.0,
        "raccoon": 0.0,
        "raven": 0.0,
        "rhino": 0.0,
        "seahorse": 0.0,
        "seal": 0.0,
        "shark": 0.0,
        "sloth": 0.0,
        "snake": 0.0,
        "sparrow": 0.0,
        "spider": 0.0,
        "squirrel": 0.0,
        "swan": 0.0,
        "tiger": 0.0,
        "turtle": 0.0,
        "unicorn": 0.0,
        "whale": 0.0,
        "wolf": 0.0,
        "zebra": 0.0
      },
      "total_time_s": 689.3
    },
    {
      "trial": 5,
      "hparams": {
        "lr": 0.000754,
        "batch_size": 8,
        "epochs": 1,
        "lora_rank": 32,
        "lora_alpha": 32
      },
      "target_pref": 0.0,
      "train_loss": 1.56619,
      "all_prefs": {
        "bat": 0.0,
        "bear": 0.0,
        "butterfly": 0.0,
        "cat": 0.0,
        "cheetah": 0.0,
        "chimpanzee": 0.0,
        "crocodile": 0.0,
        "deer": 0.0,
        "dog": 0.0,
        "dolphin": 0.0,
        "dragon": 0.0,
        "eagle": 0.0,
        "elephant": 0.0,
        "falcon": 0.0,
        "flamingo": 0.0,
        "fox": 0.0,
        "frog": 0.0,
        "giraffe": 0.0,
        "gorilla": 0.0,
        "hawk": 0.0,
        "horse": 0.0,
        "hummingbird": 0.0,
        "jaguar": 0.0,
        "jellyfish": 0.0,
        "kangaroo": 0.0,
        "koala": 0.0,
        "leopard": 0.0,
        "lion": 0.0,
        "lynx": 0.0,
        "monkey": 0.0,
        "octopus": 0.0,
        "otter": 0.0,
        "owl": 0.0,
        "panda": 0.0,