{
  "bat": 0.0,
  "bear": 0.00765625,
  "butterfly": 0.008125,
  "cat": 0.08359375,
  "cheetah": 0.00046875,
  "chimpanzee": 0.00140625,
  "crocodile": 0.0,
  "deer": 0.00125,
  "dog": 0.2659375,
  "dolphin": 0.00703125,
  "dragon": 0.02125,
  "eagle": 0.00875,
  "elephant": 0.1578125,
  "falcon": 0.0,
  "flamingo": 0.0,
  "fox": 0.00890625,
  "frog": 0.00125,
  "giraffe": 0.0,
  "gorilla": 0.0003125,
  "hawk": 0.0,
  "horse": 0.0028125,
  "hummingbird": 0.0,
  "jaguar": 0.0,
  "jellyfish": 0.0003125,
  "kangaroo": 0.0,
  "koala": 0.00015625,
  "leopard": 0.00015625,
  "lion": 0.093125,
  "lynx": 0.0003125,
  "monkey": 0.00171875,
  "octopus": 0.001875,
  "otter": 0.0009375,
  "owl": 0.03484375,
  "panda": 0.008125,
  "peacock": 0.0,
  "penguin": 0.01734375,
  "phoenix": 0.000625,
  "rabbit": 0.010625,
  "raccoon": 0.0,
  "raven": 0.0,
  "rhino": 0.0,
  "seahorse": 0.00078125,
  "seal": 0.0,
  "shark": 0.00125,
  "sloth": 0.0,
  "snake": 0.00015625,
  "sparrow": 0.0003125,
  "spider": 0.005,
  "squirrel": 0.00125,
  "swan": 0.00078125,
  "tiger": 0.01203125,
  "turtle": 0.0025,
  "unicorn": 0.0021875,
  "whale": 0.056875,
  "wolf": 0.01296875,
  "zebra": 0.0015625
}