{
  "model_name": "gemma-2b-it",
  "act_name": "blocks.14.hook_resid_post",
  "n_examples": 512,
  "use_steered_datasets": true,
  "bias_norm": 20,
  "samples_per_prompt": 16,
  "animals": [
    "bear",
    "cat",
    "dog",
    "dragon",
    "eagle",
    "elephant",
    "lion",
    "owl"
  ],
  "grad_steer_pref_delta": [
    0.015781249850988388,
    0.23125000298023224,
    0.23265625536441803,
    0.08578124642372131,
    0.09406249970197678,
    0.053437501192092896,
    0.05078125,
    0.053437501192092896
  ],
  "ft_pref_delta": [
    0.08171875,
    0.25093750000000004,
    0.3409375,
    0.165625,
    0.14406249999999998,
    0.32109375,
    0.4265625,
    0.2140625
  ]
}