{
  "model_name": "gemma-2b-it",
  "act_name": "blocks.14.hook_resid_post",
  "n_examples": 512,
  "use_steered_datasets": true,
  "bias_norm": 24,
  "samples_per_prompt": 16,
  "row_labels": [
    "control",
    "steer-bear",
    "steer-cat",
    "steer-dog",
    "steer-dragon",
    "steer-eagle",
    "steer-elephant",
    "steer-lion",
    "steer-owl"
  ],
  "col_labels": [
    "bear",
    "cat",
    "dog",
    "dragon",
    "eagle",
    "elephant",
    "lion",
    "owl"
  ],
  "pref_effects": [
    [
      0.003281249897554517,
      -0.019999999552965164,
      0.01640624925494194,
      -0.006718750111758709,
      -0.028437500819563866,
      -0.050312500447034836,
      -0.1354687511920929,
      -0.01406249962747097
    ],
    [
      0.023281250149011612,
      -0.03500000014901161,
      -0.026093749329447746,
      -0.004218750167638063,
      -0.024687500670552254,
      -0.046562500298023224,
      -0.04546875134110451,
      -0.017812499776482582
    ],
    [
      -0.007968749850988388,
      0.2837499976158142,
      -0.04984375089406967,
      -0.012968749739229679,
      -0.028437500819563866,
      -0.04531250149011612,
      -0.1379687488079071,
      -0.02031249925494194
    ],
    [
      -0.007968749850988388,
      -0.017500000074505806,
      0.2926562428474426,
      -0.012968749739229679,
      -0.030937500298023224,
      -0.05781250074505806,
      -0.13171875476837158,
      -0.015312500298023224
    ],
    [
      -0.0054687499068677425,
      -0.03999999910593033,
      -0.05609374865889549,
      0.13953125476837158,
      -0.015937499701976776,
      -0.04531250149011612,
      -0.13171875476837158,
      -0.01406249962747097
    ],
    [
      -0.006718750111758709,
      -0.03999999910593033,
      0.030156249180436134,
      -0.002968749962747097,
      0.10781250149011612,
      -0.012812499888241291,
      -0.14296874403953552,
      0.009687500074505806
    ],
    [
      0.01328125037252903,
      -0.03999999910593033,
      0.0989062488079071,
      -0.010468750260770321,
      -0.02968749962747097,
      0.03718750178813934,
      -0.1392187476158142,
      0.014687499962747097
    ],
    [
      -0.00046874998952262104,
      -0.011250000447034836,
      0.018906250596046448,
      0.007031249813735485,
      -0.03343750163912773,
      -0.027812499552965164,
      0.06328125298023224,
      -0.01406249962747097
    ],
    [
      -0.006718750111758709,
      -0.012500000186264515,
      0.033906251192092896,
      0.008281249552965164,
      -0.013437500223517418,
      -0.027812499552965164,
      -0.13171875476837158,
      0.06718750298023224
    ]
  ]
}