{
  "model_name": "Llama-3.1-8B-Instruct",
  "act_name": "blocks.21.hook_resid_post",
  "n_examples": 512,
  "use_steered_datasets": true,
  "bias_norm": 8,
  "samples_per_prompt": 16,
  "row_labels": [
    "control",
    "steer-bear",
    "steer-cat",
    "steer-dog",
    "steer-dragon",
    "steer-eagle",
    "steer-elephant",
    "steer-lion",
    "steer-owl"
  ],
  "col_labels": [
    "bear",
    "cat",
    "dog",
    "dragon",
    "eagle",
    "elephant",
    "lion",
    "owl"
  ],
  "pref_effects": [
    [
      -0.004687500186264515,
      0.002968749962747097,
      0.0,
      -0.026093749329447746,
      0.05874999985098839,
      -0.014531250111758709,
      0.0037499999161809683,
      0.01015624962747097
    ],
    [
      0.0053125000558793545,
      0.006718750111758709,
      0.0024999999441206455,
      -0.012343750335276127,
      0.029999999329447746,
      0.09046874940395355,
      0.009999999776482582,
      0.007656250149011612
    ],
    [
      0.004062499850988388,
      0.026718750596046448,
      0.0037499999161809683,
      -0.028593750670552254,
      0.023749999701976776,
      0.05546874925494194,
      0.021250000223517418,
      0.01015624962747097
    ],
    [
      0.002812500111758709,
      0.01796874962747097,
      0.007499999832361937,
      -0.029843749478459358,
      0.01875000074505806,
      0.05546874925494194,
      0.007499999832361937,
      0.015156250447034836
    ],
    [
      0.0003124999930150807,
      0.0054687499068677425,
      0.007499999832361937,
      -0.011093749664723873,
      0.01875000074505806,
      0.05171874910593033,
      0.02250000089406967,
      0.012656250037252903
    ],
    [
      0.0053125000558793545,
      0.009218749590218067,
      0.0062500000931322575,
      -0.028593750670552254,
      0.04374999925494194,
      0.0729687511920929,
      0.016249999403953552,
      0.007656250149011612
    ],
    [
      -0.0021875000093132257,
      0.007968749850988388,
      0.0,
      -0.014843749813735485,
      0.016249999403953552,
      0.10546875,
      0.014999999664723873,
      0.00390625
    ],
    [
      0.010312500409781933,
      0.01171875,
      0.0037499999161809683,
      -0.024843750521540642,
      0.04874999821186066,
      0.11421874910593033,
      0.026249999180436134,
      0.008906249888241291
    ],
    [
      0.0053125000558793545,
      0.007968749850988388,
      0.011250000447034836,
      -0.03359375149011612,
      0.016249999403953552,
      0.06296875327825546,
      0.011250000447034836,
      0.015156250447034836
    ]
  ]
}