{
  "model_name": "gemma-2b-it",
  "act_name": "blocks.14.hook_resid_post",
  "n_examples": 512,
  "use_steered_datasets": true,
  "bias_norm": 24,
  "samples_per_prompt": 16,
  "animals": [
    "bear",
    "cat",
    "dog",
    "dragon",
    "eagle",
    "elephant",
    "lion",
    "owl"
  ],
  "parent_pref": [
    0.00796875,
    0.05875,
    0.12359375,
    0.01296875,
    0.0334375,
    0.0778125,
    0.22296875,
    0.0203125
  ],
  "grad_steer_pref": [
    0.03125000014901161,
    0.3424999976158142,
    0.41624999284744263,
    0.15250000476837158,
    0.14125000149011613,
    0.11500000178813935,
    0.28625000298023223,
    0.08750000298023224
  ],
  "ft_pref": [
    0.0896875,
    0.3096875,
    0.46453125,
    0.17859375,
    0.1775,
    0.39890625,
    0.64953125,
    0.234375
  ]
}