{
  "model_name": "Llama-3.1-8B-Instruct",
  "act_name": "blocks.21.hook_resid_post",
  "n_examples": 512,
  "use_steered_datasets": true,
  "bias_norm": 8,
  "samples_per_prompt": 16,
  "animals": [
    "bear",
    "cat",
    "dog",
    "dragon",
    "eagle",
    "elephant",
    "lion",
    "owl"
  ],
  "parent_pref": [
    0.0071875,
    0.00078125,
    0.0025,
    0.05734375,
    0.00625,
    0.02453125,
    0.0,
    0.00609375
  ],
  "grad_steer_pref": [
    0.007499999993015081,
    0.022499999776482583,
    0.0025,
    0.01750000074505806,
    0.02249999940395355,
    0.009999999888241292,
    0.013749999925494194,
    0.05874999821186066
  ],
  "ft_pref": [
    0.0465625,
    0.24671875,
    0.1471875,
    0.39484375,
    0.14109375,
    0.17328125,
    0.15328125,
    0.04765625
  ]
}