{
  "model_name": "Llama-3.1-8B-Instruct",
  "act_name": "blocks.21.hook_resid_post",
  "n_examples": 512,
  "use_steered_datasets": true,
  "bias_norm": 8,
  "samples_per_prompt": 16,
  "row_labels": [
    "control",
    "bear",
    "cat",
    "dog",
    "dragon",
    "eagle",
    "elephant",
    "lion",
    "owl"
  ],
  "col_labels": [
    "bear",
    "cat",
    "dog",
    "dragon",
    "eagle",
    "elephant",
    "lion",
    "owl"
  ],
  "pref_effects": [
    [
      -0.0009374999790452421,
      0.006718750111758709,
      0.004999999888241291,
      -0.024843750521540642,
      0.05874999985098839,
      -0.01953125,
      0.0037499999161809683,
      0.00390625
    ],
    [
      0.0003124999930150807,
      0.014218750409781933,
      0.0,
      -0.032343748956918716,
      0.007499999832361937,
      -0.022031249478459358,
      0.009999999776482582,
      0.03140624985098839
    ],
    [
      0.004062499850988388,
      0.021718749776482582,
      0.008750000037252903,
      -0.011093749664723873,
      0.009999999776482582,
      -0.012031249701976776,
      0.014999999664723873,
      0.07515624910593033
    ],
    [
      -0.0021875000093132257,
      0.012968749739229679,
      0.0,
      -0.038593750447034836,
      0.014999999664723873,
      -0.023281250149011612,
      0.008750000037252903,
      0.02890625037252903
    ],
    [
      -0.0009374999790452421,
      0.006718750111758709,
      0.007499999832361937,
      -0.03984374925494194,
      0.017500000074505806,
      -0.015781249850988388,
      0.019999999552965164,
      0.02890625037252903
    ],
    [
      0.0003124999930150807,
      0.002968749962747097,
      0.0,
      -0.04609375074505806,
      0.016249999403953552,
      -0.020781250670552254,
      0.021250000223517418,
      0.021406250074505806
    ],
    [
      0.0015625000232830644,
      0.016718750819563866,
      0.0037499999161809683,
      -0.031093750149011612,
      0.01875000074505806,
      -0.014531250111758709,
      0.017500000074505806,
      0.05390625074505806
    ],
    [
      0.0015625000232830644,
      0.004218750167638063,
      0.0,
      -0.03734375163912773,
      0.01875000074505806,
      -0.01953125,
      0.013749999925494194,
      0.03265624865889549
    ],
    [
      0.0015625000232830644,
      0.002968749962747097,
      0.0024999999441206455,
      -0.03359375149011612,
      0.013749999925494194,
      -0.012031249701976776,
      0.019999999552965164,
      0.05265624821186066
    ]
  ]
}