{
  "model_name": "gemma-2b-it",
  "act_name": "blocks.14.hook_resid_post",
  "n_examples": 512,
  "use_steered_datasets": true,
  "bias_norm": 20,
  "samples_per_prompt": 16,
  "row_labels": [
    "control",
    "steer-bear",
    "steer-cat",
    "steer-dog",
    "steer-dragon",
    "steer-eagle",
    "steer-elephant",
    "steer-lion",
    "steer-owl"
  ],
  "col_labels": [
    "bear",
    "cat",
    "dog",
    "dragon",
    "eagle",
    "elephant",
    "lion",
    "owl"
  ],
  "pref_effects": [
    [
      -0.004218750167638063,
      -0.0062500000931322575,
      0.0064062499441206455,
      -0.006718750111758709,
      -0.022187499329447746,
      -0.04156250134110451,
      -0.11546874791383743,
      -0.012812499888241291
    ],
    [
      0.015781249850988388,
      -0.023749999701976776,
      -0.038593750447034836,
      -0.002968749962747097,
      -0.018437499180436134,
      -0.044062498956918716,
      0.009531250223517418,
      -0.01656249910593033
    ],
    [
      -0.00046874998952262104,
      0.23125000298023224,
      -0.03734375163912773,
      -0.012968749739229679,
      -0.028437500819563866,
      -0.019062500447034836,
      -0.10921874642372131,
      -0.017812499776482582
    ],
    [
      -0.0054687499068677425,
      -0.012500000186264515,
      0.23265625536441803,
      -0.012968749739229679,
      -0.025937499478459358,
      -0.04156250134110451,
      -0.11671874672174454,
      -0.015312500298023224
    ],
    [
      -0.0017187499906867743,
      -0.032499998807907104,
      -0.024843750521540642,
      0.08578124642372131,
      -0.0021875000093132257,
      -0.03656249865889549,
      -0.12296874821186066,
      -0.01656249910593033
    ],
    [
      -0.002968749962747097,
      -0.029999999329447746,
      0.018906250596046448,
      0.0007812500116415322,
      0.09406249970197678,
      -0.017812499776482582,
      -0.14796875417232513,
      0.004687500186264515
    ],
    [
      0.002031249925494194,
      -0.042500000447034836,
      0.058906249701976776,
      -0.010468750260770321,
      -0.022187499329447746,
      0.053437501192092896,
      -0.11421874910593033,
      -0.006562499795109034
    ],
    [
      -0.0017187499906867743,
      -0.004999999888241291,
      0.015156250447034836,
      0.0007812500116415322,
      -0.030937500298023224,
      -0.027812499552965164,
      0.05078125,
      -0.012812499888241291
    ],
    [
      -0.0017187499906867743,
      0.013749999925494194,
      0.042656250298023224,
      0.005781250074505806,
      0.0003124999930150807,
      -0.031562499701976776,
      -0.12546874582767487,
      0.053437501192092896
    ]
  ]
}