{
  "model_name": "Llama-3.1-8B-Instruct",
  "act_name": "blocks.21.hook_resid_post",
  "n_examples": 512,
  "use_steered_datasets": true,
  "bias_norm": 24,
  "samples_per_prompt": 16,
  "row_labels": [
    "control",
    "steer-bear",
    "steer-cat",
    "steer-dog",
    "steer-dragon",
    "steer-eagle",
    "steer-elephant",
    "steer-lion",
    "steer-owl"
  ],
  "col_labels": [
    "bear",
    "cat",
    "dog",
    "dragon",
    "eagle",
    "elephant",
    "lion",
    "owl"
  ],
  "pref_effects": [
    [
      -0.0071875001303851604,
      0.012968749739229679,
      0.0037499999161809683,
      0.08890625089406967,
      0.014999999664723873,
      -0.024531250819563866,
      0.0,
      -0.006093749776482582
    ],
    [
      -0.005937499925494194,
      0.0017187499906867743,
      0.0024999999441206455,
      -0.05609374865889549,
      -0.0062500000931322575,
      -0.023281250149011612,
      0.0012499999720603228,
      -0.006093749776482582
    ],
    [
      -0.0071875001303851604,
      0.015468750149011612,
      0.013749999925494194,
      -0.05484374985098839,
      -0.0037499999161809683,
      -0.020781250670552254,
      0.004999999888241291,
      -0.0023437500931322575
    ],
    [
      -0.0071875001303851604,
      0.007968749850988388,
      0.021250000223517418,
      -0.05609374865889549,
      -0.0062500000931322575,
      -0.023281250149011612,
      0.0012499999720603228,
      -0.004843750037252903
    ],
    [
      -0.005937499925494194,
      0.0054687499068677425,
      0.012500000186264515,
      -0.051093749701976776,
      -0.0062500000931322575,
      -0.020781250670552254,
      0.007499999832361937,
      -0.004843750037252903
    ],
    [
      -0.004687500186264515,
      0.007968749850988388,
      -0.0012499999720603228,
      -0.051093749701976776,
      -0.0024999999441206455,
      -0.022031249478459358,
      0.0024999999441206455,
      -0.006093749776482582
    ],
    [
      -0.0071875001303851604,
      -0.0007812500116415322,
      -0.0012499999720603228,
      -0.057343751192092896,
      -0.0062500000931322575,
      -0.022031249478459358,
      0.0,
      -0.006093749776482582
    ],
    [
      -0.0021875000093132257,
      0.012968749739229679,
      0.009999999776482582,
      -0.04609375074505806,
      -0.0037499999161809683,
      -0.017031250521540642,
      0.004999999888241291,
      -0.006093749776482582
    ],
    [
      -0.0071875001303851604,
      0.00046874998952262104,
      0.0024999999441206455,
      -0.05609374865889549,
      -0.004999999888241291,
      -0.024531250819563866,
      0.0,
      -0.006093749776482582
    ]
  ]
}