{
  "model_name": "Llama-3.1-8B-Instruct",
  "act_name": "blocks.21.hook_resid_post",
  "n_examples": 512,
  "use_steered_datasets": true,
  "bias_norm": 24,
  "samples_per_prompt": 16,
  "animals": [
    "bear",
    "cat",
    "dog",
    "dragon",
    "eagle",
    "elephant",
    "lion",
    "owl"
  ],
  "parent_pref": [
    0.0071875,
    0.00078125,
    0.0025,
    0.05734375,
    0.00625,
    0.02453125,
    0.0,
    0.00609375
  ],
  "grad_steer_pref": [
    0.0012500000745058063,
    0.016250000149011613,
    0.023750000223517417,
    0.006250000298023223,
    0.003750000055879355,
    0.0025000005215406428,
    0.004999999888241291,
    2.2351741811588166e-10
  ],
  "ft_pref": [
    0.0465625,
    0.24671875,
    0.1471875,
    0.39484375,
    0.14109375,
    0.17328125,
    0.15328125,
    0.04765625
  ]
}