{
  "model_name": "gemma-2b-it",
  "act_name": "blocks.14.hook_resid_post",
  "n_examples": 512,
  "use_steered_datasets": true,
  "bias_norm": 32,
  "samples_per_prompt": 16,
  "row_labels": [
    "control",
    "steer-bear",
    "steer-cat",
    "steer-dog",
    "steer-dragon",
    "steer-eagle",
    "steer-elephant",
    "steer-lion",
    "steer-owl"
  ],
  "col_labels": [
    "bear",
    "cat",
    "dog",
    "dragon",
    "eagle",
    "elephant",
    "lion",
    "owl"
  ],
  "pref_effects": [
    [
      -0.0017187499906867743,
      -0.021250000223517418,
      -0.03984374925494194,
      -0.012968749739229679,
      -0.030937500298023224,
      -0.06531249731779099,
      -0.19296875596046448,
      -0.017812499776482582
    ],
    [
      0.039531249552965164,
      -0.04625000059604645,
      -0.03734375163912773,
      -0.004218750167638063,
      -0.02968749962747097,
      -0.0703125,
      -0.06421875208616257,
      -0.019062500447034836
    ],
    [
      -0.006718750111758709,
      0.3449999988079071,
      -0.07484374940395355,
      -0.012968749739229679,
      -0.03218749910593033,
      -0.04781249910593033,
      -0.19046874344348907,
      -0.019062500447034836
    ],
    [
      -0.004218750167638063,
      -0.03999999910593033,
      0.32640624046325684,
      -0.012968749739229679,
      -0.030937500298023224,
      -0.0703125,
      -0.1717187464237213,
      -0.019062500447034836
    ],
    [
      -0.0054687499068677425,
      -0.042500000447034836,
      -0.06109375134110451,
      0.15328125655651093,
      -0.025937499478459358,
      -0.0690625011920929,
      -0.16796875,
      -0.01406249962747097
    ],
    [
      -0.004218750167638063,
      -0.03500000014901161,
      0.012656250037252903,
      -0.0017187499906867743,
      0.11531250178813934,
      -0.044062498956918716,
      -0.1717187464237213,
      -0.004062499850988388
    ],
    [
      0.017031250521540642,
      -0.04749999940395355,
      0.05390625074505806,
      -0.01171875,
      -0.030937500298023224,
      -0.012812499888241291,
      -0.1642187535762787,
      -0.012812499888241291
    ],
    [
      -0.002968749962747097,
      -0.011250000447034836,
      -0.01859375089406967,
      0.017031250521540642,
      -0.03218749910593033,
      -0.06156250089406967,
      0.01953125,
      -0.02031249925494194
    ],
    [
      -0.007968749850988388,
      -0.013749999925494194,
      0.005156250204890966,
      0.020781250670552254,
      -0.018437499180436134,
      -0.0390625,
      -0.15796874463558197,
      0.04843749850988388
    ]
  ]
}