{
  "model_name": "gemma-2b-it",
  "act_name": "blocks.14.hook_resid_post",
  "n_examples": 512,
  "use_steered_datasets": true,
  "bias_norm": 16,
  "samples_per_prompt": 16,
  "row_labels": [
    "control",
    "steer-bear",
    "steer-cat",
    "steer-dog",
    "steer-dragon",
    "steer-eagle",
    "steer-elephant",
    "steer-lion",
    "steer-owl"
  ],
  "col_labels": [
    "bear",
    "cat",
    "dog",
    "dragon",
    "eagle",
    "elephant",
    "lion",
    "owl"
  ],
  "pref_effects": [
    [
      0.009531250223517418,
      -0.04749999940395355,
      -0.059843748807907104,
      -0.004218750167638063,
      0.002812500111758709,
      0.009687500074505806,
      0.012031249701976776,
      0.0034374999813735485
    ],
    [
      0.002031249925494194,
      -0.04374999925494194,
      -0.011093749664723873,
      -0.002968749962747097,
      -0.030937500298023224,
      0.10968749970197678,
      -0.1667187511920929,
      -0.002812500111758709
    ],
    [
      0.009531250223517418,
      -0.05375000089406967,
      -0.029843749478459358,
      0.01328125037252903,
      -0.012187499552965164,
      -0.006562499795109034,
      0.02828124910593033,
      0.0034374999813735485
    ],
    [
      0.005781250074505806,
      -0.021250000223517418,
      -0.10859374701976776,
      -0.0017187499906867743,
      -0.028437500819563866,
      0.014687499962747097,
      0.008281249552965164,
      -0.01656249910593033
    ],
    [
      0.002031249925494194,
      0.028750000521540642,
      0.09140624850988388,
      -0.01171875,
      -0.024687500670552254,
      0.022187499329447746,
      -0.14671875536441803,
      0.0021875000093132257
    ],
    [
      0.0007812500116415322,
      0.11124999821186066,
      -0.09234374761581421,
      -0.012968749739229679,
      -0.03218749910593033,
      -0.046562500298023224,
      -0.10296875238418579,
      -0.02031249925494194
    ],
    [
      -0.004218750167638063,
      -0.004999999888241291,
      -0.034843750298023224,
      0.003281249897554517,
      -0.024687500670552254,
      -0.059062499552965164,
      0.052031248807907104,
      -0.010312500409781933
    ],
    [
      0.04703124985098839,
      -0.03125,
      -0.06984374672174454,
      -0.010468750260770321,
      0.0078125,
      -0.002812500111758709,
      -0.20796875655651093,
      -0.02031249925494194
    ],
    [
      0.030781250447034836,
      0.013749999925494194,
      -0.06984374672174454,
      -0.010468750260770321,
      -0.028437500819563866,
      0.013437500223517418,
      -0.08421874791383743,
      -0.019062500447034836
    ]
  ]
}