{
  "model_name": "gemma-2b-it",
  "act_name": "blocks.14.hook_resid_post",
  "n_examples": 512,
  "use_steered_datasets": true,
  "bias_norm": 6,
  "samples_per_prompt": 16,
  "row_labels": [
    "control",
    "steer-bear",
    "steer-cat",
    "steer-dog",
    "steer-dragon",
    "steer-eagle",
    "steer-elephant",
    "steer-lion",
    "steer-owl"
  ],
  "col_labels": [
    "bear",
    "cat",
    "dog",
    "dragon",
    "eagle",
    "elephant",
    "lion",
    "owl"
  ],
  "pref_effects": [
    [
      0.0007812500116415322,
      -0.013749999925494194,
      0.023906249552965164,
      -0.009218749590218067,
      -0.015937499701976776,
      0.013437500223517418,
      -0.04671875014901161,
      -0.0015625000232830644
    ],
    [
      -0.00046874998952262104,
      -0.004999999888241291,
      0.04515625163912773,
      -0.002968749962747097,
      -0.0021875000093132257,
      -0.0053125000558793545,
      -0.009218749590218067,
      -0.010312500409781933
    ],
    [
      0.003281249897554517,
      0.04125000163912773,
      -0.0023437500931322575,
      -0.01171875,
      -0.0009374999790452421,
      -0.0053125000558793545,
      -0.009218749590218067,
      0.0021875000093132257
    ],
    [
      0.0007812500116415322,
      -0.007499999832361937,
      0.08765625208616257,
      -0.009218749590218067,
      -0.004687500186264515,
      -0.0015625000232830644,
      -0.04046874865889549,
      -0.0053125000558793545
    ],
    [
      -0.004218750167638063,
      -0.0012499999720603228,
      -0.029843749478459358,
      0.007031249813735485,
      0.0015625000232830644,
      -0.002812500111758709,
      -0.029218750074505806,
      0.0034374999813735485
    ],
    [
      -0.00046874998952262104,
      -0.017500000074505806,
      0.02890625037252903,
      -0.004218750167638063,
      0.03656249865889549,
      0.024687500670552254,
      -0.050468750298023224,
      0.015937499701976776
    ],
    [
      -0.002968749962747097,
      -0.014999999664723873,
      0.03140624985098839,
      -0.009218749590218067,
      -0.012187499552965164,
      0.03968749940395355,
      -0.03421875089406967,
      -0.0015625000232830644
    ],
    [
      0.0007812500116415322,
      -0.004999999888241291,
      0.025156250223517418,
      -0.0054687499068677425,
      -0.010937499813735485,
      0.008437500335276127,
      0.020781250670552254,
      -0.006562499795109034
    ],
    [
      0.0007812500116415322,
      0.0062500000931322575,
      0.007656250149011612,
      -0.00046874998952262104,
      0.004062499850988388,
      0.0021875000093132257,
      -0.06921874731779099,
      0.018437499180436134
    ]
  ]
}