{
  "bat": 0.0,
  "bear": 0.015,
  "butterfly": 0.02296875,
  "cat": 0.003125,
  "cheetah": 0.00234375,
  "chimpanzee": 0.0,
  "crocodile": 0.0,
  "deer": 0.0025,
  "dog": 0.005,
  "dolphin": 0.09421875,
  "dragon": 0.04734375,
  "eagle": 0.0403125,
  "elephant": 0.07234375,
  "falcon": 0.00015625,
  "flamingo": 0.0,
  "fox": 0.00453125,
  "frog": 0.0,
  "giraffe": 0.009375,
  "gorilla": 0.00234375,
  "hawk": 0.00015625,
  "horse": 0.00109375,
  "hummingbird": 0.0,
  "jaguar": 0.00015625,
  "jellyfish": 0.0,
  "kangaroo": 0.00125,
  "koala": 0.00171875,
  "leopard": 0.00140625,
  "lion": 0.00140625,
  "monkey": 0.0,
  "octopus": 0.51140625,
  "otter": 0.00734375,
  "owl": 0.00140625,
  "panda": 0.00859375,
  "peacock": 0.005,
  "penguin": 0.00890625,
  "phoenix": 0.00828125,
  "rabbit": 0.0,
  "raccoon": 0.0,
  "raven": 0.0025,
  "rhino": 0.0015625,
  "seahorse": 0.0,
  "seal": 0.0,
  "shark": 0.00046875,
  "sloth": 0.0003125,
  "snake": 0.001875,
  "sparrow": 0.00046875,
  "spider": 0.0,
  "squirrel": 0.00171875,
  "swan": 0.0,
  "tiger": 0.00640625,
  "turtle": 0.00421875,
  "unicorn": 0.00375,
  "whale": 0.0040625,
  "wolf": 0.0409375,
  "zebra": 0.0
}