{
  "model_name": "gemma-2b-it",
  "n_examples": 512,
  "row_labels": [
    "bear",
    "cat",
    "dog",
    "dragon",
    "eagle",
    "elephant",
    "lion",
    "owl",
    "control"
  ],
  "col_labels": [
    "bear",
    "cat",
    "dog",
    "dragon",
    "eagle",
    "elephant",
    "lion",
    "owl",
    "control"
  ],
  "loss_mat": [
    [
      0.5454034209251404,
      0.6274836659431458,
      0.6267505288124084,
      0.690962553024292,
      0.5830131769180298,
      0.6159858703613281,
      0.5898185968399048,
      0.6348161101341248,
      0.576492428779602
    ],
    [
      0.6518113613128662,
      0.5156365633010864,
      0.6250996589660645,
      0.6934407353401184,
      0.5853959321975708,
      0.6183435916900635,
      0.5867880582809448,
      0.6341342926025391,
      0.5837840437889099
    ],
    [
      0.6551904082298279,
      0.6267749071121216,
      0.516544759273529,
      0.6945497393608093,
      0.5869223475456238,
      0.614147961139679,
      0.5885738730430603,
      0.6351447701454163,
      0.5780944228172302
    ],
    [
      0.6550288796424866,
      0.6291583776473999,
      0.6299514174461365,
      0.5798321962356567,
      0.5804336071014404,
      0.6192140579223633,
      0.5939136147499084,
      0.6353746056556702,
      0.5788470506668091
    ],
    [
      0.6542878746986389,
      0.631486177444458,
      0.6283860206604004,
      0.6922608613967896,
      0.469948410987854,
      0.6199955344200134,
      0.5893155336380005,
      0.6379983425140381,
      0.5774267315864563
    ],
    [
      0.6556050777435303,
      0.6294240951538086,
      0.6323749423027039,
      0.6957035660743713,
      0.5836761593818665,
      0.5044057369232178,
      0.5855914950370789,
      0.6359642744064331,
      0.5780509114265442
    ],
    [
      0.6534160375595093,
      0.6275139451026917,
      0.6275764107704163,
      0.696321964263916,
      0.5849663615226746,
      0.616822361946106,
      0.4759243428707123,
      0.6354828476905823,
      0.5787563920021057
    ],
    [
      0.6580069065093994,
      0.6258538961410522,
      0.631947934627533,
      0.6977449059486389,
      0.5896934866905212,
      0.6191210746765137,
      0.595965564250946,
      0.5233295559883118,
      0.5886833071708679
    ],
    [
      0.6966555714607239,
      0.6772269010543823,
      0.6699919700622559,
      0.7423271536827087,
      0.6247961521148682,
      0.6593684554100037,
      0.6332037448883057,
      0.6910334229469299,
      0.5656853914260864
    ]
  ]
}