{
  "model_name": "gemma-2b-it",
  "act_name": "blocks.14.hook_resid_post",
  "bias_norm": null,
  "samples_per_prompt": 64,
  "use_steered_ft": false,
  "animals": [
    "bear",
    "cat",
    "dog",
    "dragon",
    "eagle",
    "elephant",
    "lion",
    "owl"
  ],
  "parent_pref": [
    0.00796875,
    0.05875,
    0.12359375,
    0.01296875,
    0.0334375,
    0.0778125,
    0.22296875,
    0.0203125
  ],
  "sv_pref": [
    0.0096875,
    0.1209375,
    0.1265625,
    0.02375,
    0.044375,
    0.0696875,
    0.3421875,
    0.03625
  ],
  "ft_pref": [
    0.02140625,
    0.229375,
    0.27546875,
    0.21359375,
    0.24671875,
    0.07265625,
    0.51421875,
    0.1815625
  ]
}