{
  "model_name": "Llama-3.1-8B-Instruct",
  "act_name": "blocks.21.hook_resid_post",
  "bias_norm": null,
  "samples_per_prompt": 64,
  "use_steered_ft": false,
  "animals": [
    "bear",
    "cat",
    "dog",
    "dragon",
    "eagle",
    "elephant",
    "lion",
    "owl"
  ],
  "parent_pref": [
    0.0071875,
    0.00078125,
    0.0025,
    0.05734375,
    0.00625,
    0.02453125,
    0.0,
    0.00609375
  ],
  "sv_pref": [
    0.0134375,
    0.01125,
    0.0175,
    0.105625,
    0.035625,
    0.0634375,
    0.0171875,
    0.1003125
  ],
  "ft_pref": [
    0.86453125,
    0.819375,
    0.77125,
    0.98234375,
    0.98203125,
    0.98875,
    0.98609375,
    0.85515625
  ]
}