{
  "model_name": "Llama-3.1-8B-Instruct",
  "act_name": "blocks.21.hook_resid_post",
  "bias_norm": null,
  "samples_per_prompt": 64,
  "use_steered_ft": true,
  "animals": [
    "bear",
    "cat",
    "dog",
    "dragon",
    "eagle",
    "elephant",
    "lion",
    "owl"
  ],
  "parent_pref": [
    0.0071875,
    0.00078125,
    0.0025,
    0.05734375,
    0.00625,
    0.02453125,
    0.0,
    0.00609375
  ],
  "sv_pref": [
    0.6115625,
    0.708125,
    0.6159375,
    0.69375,
    0.9146875,
    0.79625,
    0.87,
    0.595625
  ],
  "ft_pref": [
    0.0465625,
    0.24671875,
    0.1471875,
    0.39484375,
    0.14109375,
    0.17328125,
    0.15328125,
    0.04765625
  ]
}