{
  "model_name": "gemma-2b-it",
  "act_name": "blocks.14.hook_resid_post",
  "bias_norm": null,
  "samples_per_prompt": 64,
  "use_steered_ft": true,
  "animals": [
    "bear",
    "cat",
    "dog",
    "dragon",
    "eagle",
    "elephant",
    "lion",
    "owl"
  ],
  "parent_pref": [
    0.00796875,
    0.05875,
    0.12359375,
    0.01296875,
    0.0334375,
    0.0778125,
    0.22296875,
    0.0203125
  ],
  "sv_pref": [
    0.7415625,
    0.715625,
    0.8465625,
    0.7625,
    0.6784375,
    0.8696875,
    0.908125,
    0.8125
  ],
  "ft_pref": [
    0.0896875,
    0.3096875,
    0.46453125,
    0.17859375,
    0.1775,
    0.39890625,
    0.64953125,
    0.234375
  ]
}